Mut	ObsNum	ExpNum	MutSpec
A>C	38.9238	93.8329	0.0450481
A>G	24.1132	93.8329	0.0279072
A>T	32.6924	93.8329	0.0378363
C>A	32.2725	33.7305	0.103903
C>G	2.1231	33.7305	0.0068354
C>T	42.24	33.7305	0.135994
G>A	4.37832	1.3359	0.355918
T>A	2.87663	12.9598	0.0241046
T>C	30.9897	12.9598	0.259678
T>G	0.331338	12.9598	0.00277644
G>C	0	1.3359	0
G>T	0	1.3359	0
