Mut	ObsNum	ExpNum	MutSpec
A>C	255.298	93.8329	0.0396165
A>G	260.722	113.416	0.0334724
A>T	209.984	93.8329	0.0325848
C>A	129	33.7305	0.0556869
C>G	13.5974	33.7305	0.00586972
C>T	1190.43	82.0024	0.211379
G>A	42.6568	2.20712	0.281414
T>A	19.2814	12.9598	0.0216632
T>C	736.258	34.1634	0.3138
T>G	4.01689	12.9598	0.00451311
G>T	0	1.3359	0
G>C	0	1.3359	0
