Mut	ObsNum	ExpNum	MutSpec
A>C	255.298	93.8329	0.0434807
A>G	156.207	93.8329	0.0266042
A>T	209.984	93.8329	0.0357632
C>A	129	33.7305	0.0611186
C>G	13.5974	33.7305	0.00644225
C>T	371.877	33.7305	0.17619
G>A	23.4672	1.3359	0.280732
T>A	19.2814	12.9598	0.0237763
T>C	276.485	12.9598	0.340939
T>G	4.01689	12.9598	0.00495332
G>T	0	1.3359	0
G>C	0	1.3359	0
