Mut	ObsNum	ExpNum	MutSpec
A>C	42.0008	127.289	0.0256143
A>G	50.7759	127.289	0.0309659
A>T	36.6643	127.289	0.0223599
C>A	36.2564	83.9032	0.0335447
C>G	3.59829	83.9032	0.00332917
C>T	197.022	83.9032	0.182286
G>A	15.4997	3.50674	0.343113
G>C	1.08323	3.50674	0.0239793
G>T	0.335736	3.50674	0.00743212
T>A	5.9896	35.0284	0.0132738
T>C	139.354	35.0284	0.308829
T>G	2.37913	35.0284	0.0052725
