Mut	ObsNum	ExpNum	MutSpec
A>C	38.9238	93.8329	0.0306608
A>G	46.0051	113.416	0.0299816
A>T	32.6924	93.8329	0.0257523
C>A	32.2725	33.7305	0.0707186
C>G	2.1231	33.7305	0.00465233
C>T	189.058	82.0024	0.170408
G>A	10.8273	2.20712	0.362591
T>A	2.87663	12.9598	0.0164062
T>C	132.626	34.1634	0.286939
T>G	0.331338	12.9598	0.00188971
G>C	0	1.3359	0
G>T	0	1.3359	0
