Mut	ObsNum	ExpNum	MutSpec
A>C	277.683	127.289	0.0323823
A>G	283.164	127.289	0.0330214
A>T	228.204	127.289	0.0266123
C>A	142.438	83.9032	0.0251998
C>G	20.8666	83.9032	0.00369167
C>T	1222.01	83.9032	0.216196
G>A	68.871	3.50674	0.29153
G>C	3.4117	3.50674	0.0144417
G>T	3.05394	3.50674	0.0129273
T>A	28.7283	35.0284	0.0121742
T>C	773.023	35.0284	0.327584
T>G	10.0042	35.0284	0.00423949
