Mut	ObsNum	ExpNum	MutSpec
T>G	14.16878694	74.42307692307695	0.028230689131511767
T>C	32.704336106	105.98717948717945	0.04575604030315693
T>A	14.623738011	74.42307692307695	0.029137159269699148
G>T	12.295986301	44.820512820512825	0.040680190756250297
G>A	206.168243613	142.19230769230757	0.21500180198596205
C>T	13.897202315	9.410256410256403	0.21898902709304952
C>A	0.4446678	5.820512820512817	0.011328459671883786
A>T	11.036810694	21.641025641025635	0.07562444235802043
A>G	187.738993745	83.0384615384616	0.33525218943046603
A>C	0.0	21.641025641025635	0.0
C>G	0.0	5.820512820512817	0.0
G>C	0.0	44.820512820512825	0.0
