Mut	ObsNum	ExpNum	MutSpec
T>G	8.04040845	57.94642857142854	0.01819768769665608
T>C	26.082638295	91.26785714285714	0.03747990100785867
T>A	14.668493184999999	57.94642857142854	0.03319889277032414
G>T	6.451856845	32.99999999999999	0.02564103509345899
G>C	0.31421058	32.99999999999999	0.0012487388827853176
G>A	138.813728015	83.39285714285717	0.21830733835340854
C>T	24.556800332999998	9.642857142857142	0.3339879642034495
C>G	0.2309276	6.375000000000002	0.004750730815450154
C>A	0.39362922499999997	6.375000000000002	0.008097890806769143
A>T	8.91013686	19.125	0.06110091323092936
A>G	136.674028526	71.21428571428568	0.25170024792355233
A>C	0.91705363	19.125	0.0062886592153578655
