Mut	ObsNum	ExpNum	MutSpec
T>C	0.85937506	61.20779220779219	0.042920795994923086
T>A	0.8573274	40.10389610389609	0.06535094526984833
G>A	1.8587577400000002	123.19480519480508	0.046123486797862004
C>T	2.7113489	11.805194805194786	0.7021081028212084
A>G	2.57076844	54.76623376623381	0.14349666911615816
C>G	0.0	6.909090909090904	0.0
G>T	0.0	55.03896103896107	0.0
A>T	0.0	15.961038961038964	0.0
G>C	0.0	55.03896103896107	0.0
T>G	0.0	40.10389610389609	0.0
C>A	0.0	6.909090909090904	0.0
A>C	0.0	15.961038961038964	0.0
