Mut	ObsNum	ExpNum	MutSpec
T>C	7.14609917	116.84946236559156	0.11687364300011233
G>A	6.2885173	178.741935483871	0.06723510148827286
C>T	5.57214676	17.193548387096786	0.6193430839336249
A>T	0.8562383	15.118279569892485	0.10823470532588052
A>G	1.71430786	37.096774193548406	0.08831346625210947
C>G	0.0	9.0	0.0
T>A	0.0	70.0645161290322	0.0
T>G	0.0	70.0645161290322	0.0
C>A	0.0	9.0	0.0
G>C	0.0	91.76344086021513	0.0
G>T	0.0	91.76344086021513	0.0
A>C	0.0	15.118279569892485	0.0
