Mut	ObsNum	ExpNum	MutSpec
T>G	35.96932002	74.42307692307695	0.03657185246501495
T>C	80.038856776	105.98717948717945	0.05714390229738504
T>A	47.040565431	74.42307692307695	0.04782855549832033
G>T	28.719638746	44.820512820512825	0.04848690956959669
G>C	1.21134878	44.820512820512825	0.0020451008897624688
G>A	413.436473316	142.19230769230757	0.2200163914794371
C>T	22.836159966	9.410256410256403	0.18363014282952697
C>A	0.4446678	5.820512820512817	0.005780917669279468
A>T	22.394055855	21.641025641025635	0.07830279604616767
A>G	344.913158302	83.0384615384616	0.31430610822209976
A>C	1.6837335	21.641025641025635	0.005887323033409486
C>G	0.0	5.820512820512817	0.0
