Mut	ObsNum	ExpNum	MutSpec
T>G	40.79766783	57.94642857142854	0.04742088782736458
T>C	67.363938315	91.26785714285714	0.04971307562849591
T>A	39.691296445	57.94642857142854	0.04613490467847215
G>T	20.701692359	32.99999999999999	0.04225255032442661
G>C	0.54113722	32.99999999999999	0.0011044714231071098
G>A	258.793151675	83.39285714285717	0.20901860418847795
C>T	41.629690693	9.642857142857142	0.29077594007071106
C>G	1.7598278600000001	6.375000000000002	0.018593066253659724
C>A	0.658620725	6.375000000000002	0.0069585094396439435
A>T	17.468062151	19.125	0.06151829662411581
A>G	234.273716926	71.21428571428568	0.22157331869336783
A>C	1.40167897	19.125	0.004936374848157312
