Mut	ObsNum	ExpNum	MutSpec
T>C	20.29679889	116.84946236559156	0.08084678115428734
G>T	1.85728865	91.76344086021513	0.009420449336236824
G>A	18.72032264	178.741935483871	0.04874709913123913
C>T	18.7122712	17.193548387096786	0.506550666864085
C>A	0.99974906	9.0	0.051702363714460874
A>T	0.8562383	15.118279569892485	0.026360532649443432
A>G	19.57451067	37.096774193548406	0.24559338849519485
A>C	0.99974906	15.118279569892485	0.030778718655052432
C>G	0.0	9.0	0.0
T>A	0.0	70.0645161290322	0.0
T>G	0.0	70.0645161290322	0.0
G>C	0.0	91.76344086021513	0.0
