Mut	ObsNum	ExpNum	MutSpec
T>C	10.44951583	61.20779220779219	0.10195877246177575
T>A	1.8571856	40.10389610389609	0.027656924595119738
G>T	0.8591011	55.03896103896107	0.009322002013191557
G>A	16.60357614	123.19480519480508	0.08049045592944247
C>T	10.724230089999999	11.805194805194786	0.542535436082426
A>G	18.87993035	54.76623376623381	0.20588402803214553
A>C	0.8592888	15.961038961038964	0.03215238088589901
C>G	0.0	6.909090909090904	0.0
A>T	0.0	15.961038961038964	0.0
T>G	0.0	40.10389610389609	0.0
C>A	0.0	6.909090909090904	0.0
G>C	0.0	55.03896103896107	0.0
